posting_id,business_id,dong_id,category,status,hourly_wage,created_at
post_0000,주식회사 고구려소프트,dong_013,주방,모집중,12210,2024-01-01
post_0001,(유) 월드신문,dong_015,서빙,모집중,12950,2024-01-27
post_0002,(주) 글로벌네트웍스,dong_007,편의점,모집중,12020,2024-01-04
post_0003,(유) 백제,dong_006,사무보조,모집중,10940,2024-01-26
post_0004,주식회사 윈드,dong_012,편의점,모집중,10660,2024-01-14
post_0005,(유) 한강유통,dong_019,배달,모집중,13770,2024-01-20
post_0006,주식회사 고구려에코네트웍스,dong_017,매장관리,모집중,12440,2024-01-04
post_0007,(주) 에코,dong_009,편의점,모집중,9670,2024-01-15
post_0008,(주) 글로벌테크,dong_019,사무보조,모집중,11040,2024-01-20
post_0009,(유) 아름코리아제조,dong_003,편의점,모집중,14790,2024-01-03
post_0010,주식회사 글로벌,dong_009,편의점,모집중,12320,2024-01-13
post_0011,주식회사 중앙,dong_015,편의점,모집중,14490,2024-01-29
post_0012,(유) 모두,dong_009,서빙,모집중,9030,2024-01-15
post_0013,유한회사 코어,dong_011,사무보조,모집중,13240,2024-01-28
post_0014,주식회사 우리개발,dong_012,배달,모집중,11030,2024-01-08
post_0015,(유) 중앙엔지니어링,dong_008,서빙,모집중,11450,2024-01-06
post_0016,(주) 신라,dong_005,매장관리,모집중,10940,2024-01-20
post_0017,(주) 한빛,dong_018,사무보조,모집중,13570,2024-01-29
post_0018,주식회사 이노,dong_004,사무보조,모집중,9520,2024-01-26
post_0019,유한회사 코리아나루개발공사,dong_007,편의점,모집중,14190,2024-01-05
post_0020,유한회사 넥스트,dong_015,배달,모집중,13500,2024-01-10
post_0021,(주) 한빛겨레항공,dong_014,서빙,모집중,9860,2024-01-11
post_0022,(주) 라온,dong_007,매장관리,모집중,14700,2024-01-06
post_0023,유한회사 글로벌소프트,dong_016,사무보조,모집중,13080,2024-01-19
post_0024,주식회사 스타,dong_006,사무보조,모집중,10650,2024-01-02
post_0025,(주) 라온씨앤씨항공,dong_002,편의점,모집중,9190,2024-01-14
post_0026,유한회사 나루조선에이아이,dong_019,주방,모집중,12910,2024-01-28
post_0027,(유) 미래가람에너지,dong_012,매장관리,모집중,10540,2024-01-02
post_0028,(유) 중앙,dong_013,배달,모집중,11560,2024-01-27
post_0029,유한회사 고려개발공사,dong_012,서빙,모집중,9670,2024-01-04
post_0030,주식회사 우리,dong_017,주방,모집중,14100,2024-01-19
post_0031,주식회사 중앙,dong_020,매장관리,모집중,12490,2024-01-22
post_0032,(주) 백제,dong_005,주방,모집중,14090,2024-01-26
post_0033,(유) 가야,dong_007,편의점,모집중,12880,2024-01-13
post_0034,유한회사 코리아나루개발공사,dong_004,서빙,모집중,11370,2024-01-09
post_0035,주식회사 한가람미래신문,dong_008,편의점,모집중,9910,2024-01-05
post_0036,주식회사 윈드개발공사,dong_006,배달,모집중,10140,2024-01-27
post_0037,(유) 첨단코스메틱,dong_001,사무보조,모집중,10830,2024-01-24
post_0038,(주) 글로벌,dong_006,사무보조,모집중,10460,2024-01-09
post_0039,유한회사 가람항공,dong_003,편의점,모집중,13190,2024-01-13
post_0040,주식회사 원더,dong_001,서빙,모집중,14840,2024-01-29
post_0041,유한회사 제나,dong_001,주방,모집중,10830,2024-01-09
post_0042,(주) 백제보람플랫폼,dong_002,주방,모집중,14450,2024-01-17
post_0043,주식회사 하나보안,dong_011,배달,모집중,11050,2024-01-14
post_0044,(주) 가야네트워크,dong_013,배달,모집중,11660,2024-01-10
post_0045,(주) 글로벌,dong_001,서빙,모집중,12640,2024-01-25
post_0046,(유) 나루푸른제조,dong_012,매장관리,모집중,12520,2024-01-05
post_0047,(유) 고구려바이오,dong_013,주방,모집중,14180,2024-01-29
post_0048,(주) 푸른원더에너지,dong_010,매장관리,모집중,10460,2024-01-07
post_0049,주식회사 브레인반도체,dong_018,배달,모집중,13890,2024-01-16
post_0050,(주) 첨단고구려센터,dong_003,배달,모집중,12140,2024-01-16
post_0051,(유) 백제,dong_019,매장관리,모집중,11040,2024-01-15
post_0052,(주) 중앙제조,dong_015,서빙,모집중,10910,2024-01-04
post_0053,유한회사 씨앤씨,dong_004,서빙,모집중,11230,2024-01-27
post_0054,유한회사 한가람제나네트웍스,dong_015,배달,모집중,9900,2024-01-23
post_0055,(유) 미래에이아이,dong_008,주방,모집중,9150,2024-01-26
post_0056,주식회사 이노,dong_004,배달,모집중,14900,2024-01-11
post_0057,유한회사 아름,dong_010,편의점,모집중,11210,2024-01-23
post_0058,유한회사 가람윈드자동차,dong_010,서빙,모집중,9290,2024-01-21
post_0059,(주) 스타,dong_009,주방,모집중,13980,2024-01-14
post_0060,(유) 겨레전자,dong_001,서빙,모집중,12640,2024-01-20
post_0061,유한회사 라온,dong_002,배달,모집중,12470,2024-01-08
post_0062,(주) 조선,dong_015,매장관리,모집중,11530,2024-01-29
post_0063,(주) 윈드신문,dong_019,배달,모집중,13860,2024-01-06
post_0064,(주) 고려시너지보안,dong_012,배달,모집중,9000,2024-01-17
post_0065,유한회사 모두,dong_019,편의점,모집중,9490,2024-01-27
post_0066,유한회사 가온,dong_020,배달,모집중,14690,2024-01-10
post_0067,(유) 코어,dong_009,매장관리,모집중,13840,2024-01-17
post_0068,(유) 스타개발,dong_015,매장관리,모집중,12010,2024-01-13
post_0069,주식회사 이노기술,dong_005,편의점,모집중,9410,2024-01-04
post_0070,(유) 종합시스템즈,dong_014,주방,모집중,14700,2024-01-10
post_0071,유한회사 종합,dong_011,서빙,모집중,12090,2024-01-20
post_0072,주식회사 윈드,dong_011,편의점,모집중,11600,2024-01-19
post_0073,유한회사 가온네트웍스,dong_015,서빙,모집중,14460,2024-01-19
post_0074,유한회사 원더,dong_001,주방,모집중,10910,2024-01-10
post_0075,유한회사 에코코스메틱,dong_017,서빙,모집중,14080,2024-01-15
post_0076,유한회사 유니온,dong_010,주방,모집중,13940,2024-01-13
post_0077,주식회사 나루,dong_020,편의점,모집중,12390,2024-01-17
post_0078,유한회사 하나,dong_019,주방,모집중,12690,2024-01-26
post_0079,(유) 모두에이아이,dong_012,매장관리,모집중,10810,2024-01-28
post_0080,주식회사 겨레미래에이아이,dong_017,주방,모집중,13080,2024-01-08
post_0081,(유) 코리아시너지연구소,dong_002,서빙,모집중,9070,2024-01-21
post_0082,(주) 유니온네트웍스,dong_012,매장관리,모집중,9650,2024-01-08
post_0083,주식회사 한빛,dong_010,배달,모집중,11890,2024-01-01
post_0084,(주) 가온비전항공,dong_019,서빙,모집중,10970,2024-01-22
post_0085,(유) 라온,dong_004,주방,모집중,10900,2024-01-09
post_0086,유한회사 가온뷰티,dong_018,서빙,모집중,11950,2024-01-20
post_0087,유한회사 조선신문,dong_003,주방,모집중,14470,2024-01-06
post_0088,(유) 백제백제뷰티,dong_001,서빙,모집중,10710,2024-01-05
post_0089,(유) 가야,dong_002,서빙,모집중,9550,2024-01-08
post_0090,주식회사 다올한빛테크,dong_020,편의점,모집중,13770,2024-01-06
post_0091,(유) 제나비전제조,dong_009,주방,모집중,12120,2024-01-28
post_0092,(주) 브레인,dong_002,배달,모집중,11640,2024-01-12
post_0093,(유) 백제백제뷰티,dong_013,배달,모집중,10190,2024-01-12
post_0094,(주) 가온,dong_019,편의점,모집중,12780,2024-01-13
post_0095,유한회사 국민코스메틱,dong_007,배달,모집중,12560,2024-01-04
post_0096,주식회사 우리,dong_006,편의점,모집중,13680,2024-01-18
post_0097,(유) 글로벌솔루션,dong_016,주방,모집중,11690,2024-01-27
post_0098,(유) 가온플랫폼,dong_017,주방,모집중,9960,2024-01-25
post_0099,(주) 겨레시스템,dong_013,매장관리,모집중,13570,2024-01-04
post_0100,(유) 종합시스템즈,dong_002,편의점,모집중,10390,2024-01-09
post_0101,유한회사 푸른신문,dong_002,편의점,모집중,10330,2024-01-08
post_0102,주식회사 겨레미래에이아이,dong_002,편의점,모집중,9510,2024-01-06
post_0103,유한회사 가온네트웍스,dong_008,배달,모집중,14810,2024-01-03
post_0104,주식회사 고구려소프트,dong_005,서빙,모집중,14540,2024-01-07
post_0105,주식회사 신라한빛플랫폼,dong_019,배달,모집중,14080,2024-01-28
post_0106,(유) 신라자동차,dong_007,편의점,모집중,13950,2024-01-13
post_0107,(유) 중앙,dong_011,배달,모집중,13770,2024-01-16
post_0108,(주) 한빛센터,dong_009,주방,모집중,12860,2024-01-10
post_0109,(주) 조선보안,dong_006,서빙,모집중,14670,2024-01-12
post_0110,주식회사 브레인반도체,dong_007,매장관리,모집중,14890,2024-01-10
post_0111,유한회사 가온출판,dong_013,매장관리,모집중,14640,2024-01-05
post_0112,유한회사 네오출판,dong_017,사무보조,모집중,12680,2024-01-03
post_0113,유한회사 겨레항공,dong_005,주방,모집중,13670,2024-01-09
post_0114,(유) 미래신라정보통신,dong_010,매장관리,모집중,14730,2024-01-17
post_0115,주식회사 시너지네트웍스,dong_020,사무보조,모집중,11250,2024-01-20
post_0116,유한회사 제나신라은행,dong_011,편의점,모집중,10240,2024-01-05
post_0117,(유) 월드푸른엔지니어링,dong_008,사무보조,모집중,13250,2024-01-25
post_0118,(주) 에코시스템즈,dong_012,서빙,모집중,12140,2024-01-15
post_0119,유한회사 유니온,dong_018,배달,모집중,12760,2024-01-04
post_0120,유한회사 발해,dong_009,주방,모집중,14110,2024-01-08
post_0121,유한회사 브레인,dong_005,서빙,모집중,14330,2024-01-09
post_0122,유한회사 보람모두네트웍스,dong_010,편의점,모집중,12220,2024-01-14
post_0123,유한회사 종합스타시스템,dong_012,배달,모집중,14420,2024-01-06
post_0124,유한회사 다올상사,dong_014,배달,모집중,14690,2024-01-21
post_0125,(유) 백제백제뷰티,dong_013,사무보조,모집중,10950,2024-01-12
post_0126,(유) 하나테크,dong_012,편의점,모집중,10710,2024-01-28
post_0127,(유) 가야한강플랫폼,dong_015,사무보조,모집중,14200,2024-01-11
post_0128,(주) 에코자동차,dong_012,배달,모집중,12170,2024-01-10
post_0129,주식회사 미래제나상사,dong_009,주방,모집중,13160,2024-01-16
post_0130,(유) 미래에이아이,dong_009,사무보조,모집중,9460,2024-01-09
post_0131,유한회사 시너지전자,dong_018,서빙,모집중,10610,2024-01-20
post_0132,주식회사 국민연구소,dong_015,편의점,모집중,12610,2024-01-16
post_0133,(주) 시너지,dong_011,매장관리,모집중,9490,2024-01-11
post_0134,유한회사 한빛비전신문,dong_008,매장관리,모집중,10150,2024-01-23
post_0135,(유) 라온,dong_019,매장관리,모집중,14710,2024-01-26
post_0136,주식회사 넥스트,dong_003,주방,모집중,13530,2024-01-04
post_0137,유한회사 종합,dong_015,주방,모집중,9870,2024-01-05
post_0138,유한회사 한강,dong_001,사무보조,모집중,13800,2024-01-19
post_0139,유한회사 제나,dong_006,서빙,모집중,9590,2024-01-23
post_0140,(유) 한빛첨단전자,dong_004,서빙,모집중,14430,2024-01-16
post_0141,(유) 코어,dong_001,주방,모집중,14410,2024-01-24
post_0142,유한회사 에코코스메틱,dong_019,매장관리,모집중,13100,2024-01-05
post_0143,(유) 윈드,dong_015,매장관리,모집중,12850,2024-01-16
post_0144,(유) 모두,dong_016,서빙,모집중,14000,2024-01-02
post_0145,(유) 다올백제항공,dong_012,편의점,모집중,14990,2024-01-02
post_0146,주식회사 넥스트시너지출판,dong_007,주방,모집중,12050,2024-01-25
post_0147,유한회사 스타,dong_009,배달,모집중,11830,2024-01-14
post_0148,(주) 월드금고,dong_015,사무보조,모집중,13310,2024-01-13
post_0149,유한회사 모두전자,dong_006,서빙,모집중,11410,2024-01-05
post_0150,(유) 모두바이오,dong_008,사무보조,모집중,9170,2024-01-15
post_0151,(유) 보람,dong_011,사무보조,모집중,14910,2024-01-13
post_0152,(유) 보람아름기획,dong_009,서빙,모집중,14170,2024-01-01
post_0153,(주) 발해시너지코스메틱,dong_004,편의점,모집중,9980,2024-01-16
post_0154,유한회사 글로벌그룹,dong_005,편의점,모집중,9470,2024-01-18
post_0155,(주) 한빛겨레항공,dong_020,배달,모집중,14490,2024-01-21
post_0156,유한회사 씨앤씨,dong_016,주방,모집중,11770,2024-01-16
post_0157,주식회사 신라한빛플랫폼,dong_020,편의점,모집중,12870,2024-01-04
post_0158,유한회사 겨레이노솔루션,dong_016,배달,모집중,12530,2024-01-27
post_0159,(유) 한가람시스템즈,dong_008,서빙,모집중,13110,2024-01-29
post_0160,유한회사 나루랩스,dong_005,서빙,모집중,9780,2024-01-03
post_0161,(주) 라온모두랩스,dong_007,서빙,모집중,11570,2024-01-07
post_0162,유한회사 푸른신문,dong_012,배달,모집중,10230,2024-01-24
post_0163,(유) 신라,dong_015,편의점,모집중,9840,2024-01-03
post_0164,(주) 시너지,dong_011,배달,모집중,12460,2024-01-22
post_0165,주식회사 중앙,dong_009,배달,모집중,14730,2024-01-12
post_0166,유한회사 고구려인포테크,dong_009,편의점,모집중,10680,2024-01-04
post_0167,유한회사 중앙,dong_020,서빙,모집중,10550,2024-01-03
post_0168,(주) 글로벌,dong_008,매장관리,모집중,12750,2024-01-07
post_0169,(유) 유니온백제소프트,dong_018,사무보조,모집중,13910,2024-01-08
post_0170,주식회사 스타,dong_019,사무보조,모집중,14640,2024-01-18
post_0171,(유) 보람플랫폼,dong_014,배달,모집중,12730,2024-01-24
post_0172,(유) 조선,dong_019,배달,모집중,11820,2024-01-19
post_0173,주식회사 백제글로벌플랫폼,dong_001,서빙,모집중,9840,2024-01-18
post_0174,주식회사 한빛,dong_010,편의점,모집중,14480,2024-01-03
post_0175,(주) 보람한강상사,dong_019,편의점,모집중,11400,2024-01-23
post_0176,주식회사 이노제조,dong_016,사무보조,모집중,9510,2024-01-24
post_0177,유한회사 스타마루에이아이,dong_005,매장관리,모집중,11470,2024-01-25
post_0178,주식회사 이노,dong_019,주방,모집중,14660,2024-01-03
post_0179,유한회사 가온뷰티,dong_007,매장관리,모집중,10210,2024-01-11
post_0180,(주) 모두제조,dong_008,서빙,모집중,9230,2024-01-24
post_0181,(주) 중앙정보통신,dong_005,주방,모집중,13510,2024-01-02
post_0182,(주) 제나우리개발,dong_017,사무보조,모집중,9590,2024-01-08
post_0183,주식회사 가람,dong_012,편의점,모집중,13690,2024-01-23
post_0184,(주) 윈드,dong_014,사무보조,모집중,9890,2024-01-09
post_0185,유한회사 발해,dong_014,편의점,모집중,10740,2024-01-28
post_0186,(유) 유니온,dong_019,서빙,모집중,9970,2024-01-21
post_0187,유한회사 가람푸른반도체,dong_010,주방,모집중,13920,2024-01-26
post_0188,(유) 모두,dong_014,매장관리,모집중,13300,2024-01-27
post_0189,(주) 첨단고구려센터,dong_018,서빙,모집중,12380,2024-01-08
post_0190,유한회사 모두,dong_004,서빙,모집중,14530,2024-01-14
post_0191,주식회사 월드,dong_010,사무보조,모집중,11210,2024-01-07
post_0192,(유) 글로벌상사,dong_020,서빙,모집중,13080,2024-01-28
post_0193,(주) 조선비전네트워크,dong_004,주방,모집중,12800,2024-01-12
post_0194,(유) 글로벌에이아이,dong_009,서빙,모집중,10450,2024-01-09
post_0195,유한회사 고려코스메틱,dong_009,편의점,모집중,14200,2024-01-01
post_0196,(유) 이노출판,dong_001,사무보조,모집중,11620,2024-01-08
post_0197,(주) 나루반도체,dong_010,서빙,모집중,12730,2024-01-06
post_0198,주식회사 중앙글로벌상사,dong_013,매장관리,모집중,11380,2024-01-07
post_0199,(유) 한강겨레연구소,dong_002,배달,모집중,10180,2024-01-25
post_0200,(주) 마음발해은행,dong_003,서빙,모집중,11350,2024-01-01
post_0201,주식회사 글로벌,dong_005,매장관리,모집중,15000,2024-01-10
post_0202,주식회사 시너지코리아연구소,dong_017,사무보조,모집중,11710,2024-01-25
post_0203,(유) 발해,dong_008,사무보조,모집중,13630,2024-01-21
post_0204,주식회사 넥스트한강에너지,dong_008,배달,모집중,12710,2024-01-10
post_0205,주식회사 네오,dong_019,매장관리,모집중,11110,2024-01-18
post_0206,주식회사 고구려겨레플랫폼,dong_017,매장관리,모집중,12670,2024-01-05
post_0207,유한회사 라온,dong_020,배달,모집중,10950,2024-01-16
post_0208,주식회사 라온에이아이,dong_006,주방,모집중,9060,2024-01-24
post_0209,(유) 종합바이오,dong_003,서빙,모집중,11860,2024-01-07
post_0210,(유) 코어브레인플랫폼,dong_015,사무보조,모집중,14020,2024-01-24
post_0211,유한회사 가람윈드자동차,dong_007,서빙,모집중,11000,2024-01-09
post_0212,(유) 마루글로벌바이오,dong_003,편의점,모집중,10450,2024-01-06
post_0213,(유) 브레인,dong_012,배달,모집중,11090,2024-01-25
post_0214,(주) 씨앤씨시스템즈,dong_011,매장관리,모집중,10350,2024-01-27
post_0215,주식회사 백제소프트,dong_016,배달,모집중,12890,2024-01-09
post_0216,(유) 유니온엔지니어링,dong_002,사무보조,모집중,11570,2024-01-19
post_0217,(주) 코리아에이아이,dong_018,사무보조,모집중,9170,2024-01-13
post_0218,(유) 보람씨앤씨그룹,dong_016,사무보조,모집중,10060,2024-01-25
post_0219,유한회사 월드,dong_013,매장관리,모집중,11000,2024-01-01
post_0220,(유) 신라그룹,dong_018,배달,모집중,10050,2024-01-22
post_0221,(주) 마음플랫폼,dong_017,배달,모집중,12430,2024-01-17
post_0222,유한회사 가람코스메틱,dong_011,배달,모집중,14200,2024-01-06
post_0223,주식회사 나루,dong_007,편의점,모집중,14450,2024-01-28
post_0224,(유) 원더센터,dong_002,사무보조,모집중,13650,2024-01-28
post_0225,유한회사 나루브레인바이오,dong_009,주방,모집중,9560,2024-01-13
post_0226,유한회사 우리시스템,dong_019,편의점,모집중,14570,2024-01-19
post_0227,주식회사 고구려소프트,dong_020,편의점,모집중,10710,2024-01-11
post_0228,(주) 에코자동차,dong_008,편의점,모집중,9220,2024-01-24
post_0229,주식회사 겨레,dong_015,매장관리,모집중,9020,2024-01-01
post_0230,(주) 넥스트,dong_002,편의점,모집중,11950,2024-01-24
post_0231,주식회사 네오제나시스템,dong_008,서빙,모집중,9580,2024-01-27
post_0232,(주) 첨단,dong_008,편의점,모집중,14710,2024-01-21
post_0233,유한회사 미래한빛플랫폼,dong_013,편의점,모집중,14070,2024-01-03
post_0234,주식회사 나루,dong_005,편의점,모집중,12920,2024-01-06
post_0235,(주) 시너지,dong_015,사무보조,모집중,9130,2024-01-18
post_0236,(유) 보람플랫폼,dong_020,매장관리,모집중,13430,2024-01-11
post_0237,(주) 시너지소프트,dong_017,서빙,모집중,14060,2024-01-10
post_0238,(유) 코어브레인플랫폼,dong_007,사무보조,모집중,9200,2024-01-17
post_0239,(유) 종합시스템즈,dong_017,매장관리,모집중,14340,2024-01-16
post_0240,주식회사 글로벌제조,dong_012,서빙,모집중,9500,2024-01-20
post_0241,주식회사 보람,dong_006,서빙,모집중,10320,2024-01-03
post_0242,(주) 첨단유통,dong_018,주방,모집중,12180,2024-01-09
post_0243,(주) 모두제조,dong_008,사무보조,모집중,10770,2024-01-10
post_0244,(주) 제나월드테크,dong_015,편의점,모집중,11060,2024-01-02
post_0245,주식회사 코어,dong_007,편의점,모집중,14060,2024-01-22
post_0246,(주) 우리,dong_018,주방,모집중,9530,2024-01-08
post_0247,(주) 국민자동차,dong_003,매장관리,모집중,9710,2024-01-14
post_0248,유한회사 가람푸른반도체,dong_010,주방,모집중,11060,2024-01-20
post_0249,(주) 푸른원더에너지,dong_007,서빙,모집중,11160,2024-01-22
post_0250,(주) 유니온시스템,dong_018,서빙,모집중,14160,2024-01-12
post_0251,(유) 네오,dong_009,매장관리,모집중,9430,2024-01-11
post_0252,주식회사 중앙가온기획,dong_017,배달,모집중,9650,2024-01-27
post_0253,유한회사 모두시너지상사,dong_018,편의점,모집중,10720,2024-01-23
post_0254,주식회사 넥스트한강에너지,dong_014,배달,모집중,12640,2024-01-04
post_0255,(유) 다올백제항공,dong_013,주방,모집중,13440,2024-01-22
post_0256,유한회사 종합겨레신문,dong_013,편의점,모집중,10290,2024-01-09
post_0257,(주) 신라인포신문,dong_005,사무보조,모집중,14060,2024-01-21
post_0258,(유) 유니온엔지니어링,dong_005,서빙,모집중,14950,2024-01-10
post_0259,(유) 국민,dong_014,사무보조,모집중,11980,2024-01-12
post_0260,주식회사 비전비전상사,dong_008,서빙,모집중,13830,2024-01-04
post_0261,주식회사 아름미래신문,dong_009,편의점,모집중,13480,2024-01-15
post_0262,주식회사 글로벌,dong_009,배달,모집중,10360,2024-01-17
post_0263,(주) 넥스트,dong_016,편의점,모집중,14010,2024-01-02
post_0264,(유) 하나마음기술,dong_011,사무보조,모집중,13970,2024-01-02
post_0265,유한회사 국민나루연구소,dong_010,주방,모집중,13660,2024-01-24
post_0266,유한회사 마루푸른기술,dong_019,사무보조,모집중,11630,2024-01-24
post_0267,유한회사 에코,dong_004,배달,모집중,10930,2024-01-09
post_0268,주식회사 인포,dong_002,주방,모집중,11130,2024-01-05
post_0269,(유) 인포,dong_014,편의점,모집중,13470,2024-01-04
post_0270,(주) 고려,dong_010,편의점,모집중,11890,2024-01-05
post_0271,주식회사 브레인반도체,dong_017,사무보조,모집중,13720,2024-01-20
post_0272,(유) 모두,dong_012,서빙,모집중,14490,2024-01-24
post_0273,(주) 글로벌,dong_007,편의점,모집중,14950,2024-01-12
post_0274,(주) 신라,dong_011,매장관리,모집중,11090,2024-01-08
post_0275,(주) 스타,dong_006,배달,모집중,10350,2024-01-02
post_0276,(유) 가온가야에이아이,dong_012,배달,모집중,13330,2024-01-19
post_0277,(유) 라온가온랩스,dong_007,배달,모집중,10240,2024-01-03
post_0278,주식회사 우리개발,dong_013,사무보조,모집중,12670,2024-01-23
post_0279,(주) 첨단,dong_013,주방,모집중,11520,2024-01-28
post_0280,(유) 고구려바이오,dong_005,서빙,모집중,13640,2024-01-04
post_0281,유한회사 이노테크,dong_015,서빙,모집중,10810,2024-01-23
post_0282,유한회사 라온,dong_003,배달,모집중,9390,2024-01-08
post_0283,(유) 보람플랫폼,dong_005,편의점,모집중,11320,2024-01-24
post_0284,(주) 첨단고구려센터,dong_016,사무보조,모집중,11310,2024-01-01
post_0285,(주) 백제마음상사,dong_005,배달,모집중,11380,2024-01-21
post_0286,(유) 조선,dong_020,매장관리,모집중,9370,2024-01-15
post_0287,(유) 라온,dong_011,배달,모집중,9470,2024-01-01
post_0288,주식회사 한강개발공사,dong_006,매장관리,모집중,14980,2024-01-16
post_0289,주식회사 윈드솔루션,dong_010,편의점,모집중,12710,2024-01-13
post_0290,주식회사 미래제나상사,dong_004,편의점,모집중,12400,2024-01-17
post_0291,주식회사 한강,dong_011,매장관리,모집중,13450,2024-01-06
post_0292,유한회사 가람윈드자동차,dong_015,매장관리,모집중,10780,2024-01-08
post_0293,(주) 다올,dong_014,배달,모집중,13360,2024-01-05
post_0294,(주) 글로벌스타항공,dong_004,주방,모집중,11560,2024-01-22
post_0295,주식회사 윈드개발공사,dong_019,사무보조,모집중,11530,2024-01-04
post_0296,유한회사 국민나루연구소,dong_011,매장관리,모집중,12650,2024-01-01
post_0297,(주) 한강,dong_019,편의점,모집중,9130,2024-01-17
post_0298,유한회사 첨단시너지소프트,dong_018,배달,모집중,9460,2024-01-13
post_0299,주식회사 종합랩스,dong_001,주방,모집중,14200,2024-01-06
post_0300,주식회사 월드,dong_012,서빙,모집중,12520,2024-01-05
post_0301,(유) 신라그룹,dong_016,매장관리,모집중,11040,2024-01-06
post_0302,(유) 코어,dong_004,주방,모집중,13410,2024-01-15
post_0303,(주) 유니온코어신문,dong_020,사무보조,모집중,13990,2024-01-15
post_0304,주식회사 넥스트한강에너지,dong_002,매장관리,모집중,11070,2024-01-13
post_0305,(주) 글로벌,dong_017,매장관리,모집중,11060,2024-01-13
post_0306,(유) 발해코스메틱,dong_012,배달,모집중,14200,2024-01-25
post_0307,유한회사 비전정보통신,dong_003,편의점,모집중,14480,2024-01-07
post_0308,(유) 윈드,dong_017,서빙,모집중,10060,2024-01-01
post_0309,유한회사 글로벌바이오,dong_001,편의점,모집중,11500,2024-01-03
post_0310,(유) 모두,dong_011,배달,모집중,12370,2024-01-02
post_0311,(유) 코리아미래네트웍스,dong_016,편의점,모집중,10070,2024-01-02
post_0312,유한회사 한빛기술,dong_013,서빙,모집중,14630,2024-01-23
post_0313,주식회사 겨레,dong_013,사무보조,모집중,12290,2024-01-08
post_0314,(주) 고려시너지보안,dong_014,매장관리,모집중,9670,2024-01-13
post_0315,(주) 미래,dong_014,매장관리,모집중,14320,2024-01-06
post_0316,유한회사 하나뷰티,dong_017,주방,모집중,14330,2024-01-05
post_0317,(주) 코리아에이아이,dong_018,서빙,모집중,11670,2024-01-07
post_0318,(유) 스타개발,dong_011,배달,모집중,10470,2024-01-29
post_0319,(유) 유니온백제소프트,dong_017,배달,모집중,9280,2024-01-22
post_0320,(유) 한빛고구려솔루션,dong_020,서빙,모집중,10420,2024-01-21
post_0321,(주) 가람고려유통,dong_013,매장관리,모집중,12070,2024-01-08
post_0322,유한회사 푸른나루시스템즈,dong_020,주방,모집중,10800,2024-01-04
post_0323,유한회사 에코,dong_011,서빙,모집중,11960,2024-01-15
post_0324,(주) 코리아에이아이,dong_016,서빙,모집중,9840,2024-01-07
post_0325,유한회사 종합코리아기획,dong_007,사무보조,모집중,14400,2024-01-20
post_0326,(유) 월드푸른엔지니어링,dong_003,서빙,모집중,13350,2024-01-16
post_0327,(주) 인포뷰티,dong_010,사무보조,모집중,10710,2024-01-27
post_0328,(유) 첨단코스메틱,dong_018,서빙,모집중,12640,2024-01-11
post_0329,(주) 한빛센터,dong_001,편의점,모집중,9110,2024-01-16
post_0330,(주) 비전,dong_011,매장관리,모집중,11650,2024-01-22
post_0331,(유) 월드솔루션,dong_010,주방,모집중,15000,2024-01-22
post_0332,주식회사 우리,dong_010,사무보조,모집중,13970,2024-01-22
post_0333,유한회사 가야,dong_003,주방,모집중,13410,2024-01-26
post_0334,(주) 윈드네트워크,dong_017,서빙,모집중,13500,2024-01-28
post_0335,주식회사 우리첨단시스템즈,dong_016,배달,모집중,13630,2024-01-09
post_0336,(주) 에코시스템즈,dong_008,서빙,모집중,9280,2024-01-27
post_0337,(주) 신라인포신문,dong_006,사무보조,모집중,12150,2024-01-23
post_0338,주식회사 가야시스템,dong_016,배달,모집중,10570,2024-01-05
post_0339,유한회사 브레인에너지,dong_004,배달,모집중,9100,2024-01-05
post_0340,(유) 윈드,dong_014,사무보조,모집중,9120,2024-01-29
post_0341,유한회사 다올상사,dong_007,배달,모집중,13890,2024-01-29
post_0342,유한회사 가온,dong_001,매장관리,모집중,9580,2024-01-04
post_0343,주식회사 고구려소프트,dong_001,매장관리,모집중,9610,2024-01-11
post_0344,(주) 마루솔루션,dong_002,서빙,모집중,14100,2024-01-11
post_0345,유한회사 유니온그룹,dong_010,주방,모집중,12790,2024-01-07
post_0346,유한회사 가온네트웍스,dong_018,편의점,모집중,12340,2024-01-24
post_0347,(주) 코어종합랩스,dong_003,매장관리,모집중,11200,2024-01-02
post_0348,유한회사 백제에이아이,dong_010,주방,모집중,12030,2024-01-02
post_0349,유한회사 마루푸른기술,dong_001,서빙,모집중,14750,2024-01-16
post_0350,유한회사 신라,dong_006,주방,모집중,9410,2024-01-27
post_0351,유한회사 유니온그룹,dong_020,배달,모집중,11420,2024-01-23
post_0352,(주) 윈드,dong_010,주방,모집중,12210,2024-01-03
post_0353,주식회사 마루랩스,dong_004,주방,모집중,11310,2024-01-05
post_0354,(주) 넥스트한빛그룹,dong_004,주방,모집중,11570,2024-01-02
post_0355,주식회사 네오정보통신,dong_016,배달,모집중,14950,2024-01-20
post_0356,유한회사 보람가야전자,dong_004,주방,모집중,12970,2024-01-14
post_0357,유한회사 하나코리아그룹,dong_008,사무보조,모집중,9080,2024-01-25
post_0358,주식회사 가온,dong_015,편의점,모집중,13540,2024-01-05
post_0359,(유) 마루글로벌바이오,dong_020,배달,모집중,13990,2024-01-28
post_0360,유한회사 마루기술,dong_018,매장관리,모집중,9760,2024-01-01
post_0361,(유) 넥스트신라뷰티,dong_018,사무보조,모집중,11730,2024-01-16
post_0362,유한회사 나루조선에이아이,dong_008,주방,모집중,13980,2024-01-13
post_0363,(주) 백제마음상사,dong_003,배달,모집중,9520,2024-01-11
post_0364,주식회사 시너지연구소,dong_020,사무보조,모집중,13770,2024-01-28
post_0365,(유) 미래,dong_006,배달,모집중,13630,2024-01-17
post_0366,주식회사 종합,dong_020,매장관리,모집중,10910,2024-01-03
post_0367,(유) 제나종합항공,dong_008,배달,모집중,10610,2024-01-19
post_0368,(주) 에코마음은행,dong_013,편의점,모집중,9460,2024-01-05
post_0369,(유) 마음국민반도체,dong_002,편의점,모집중,10510,2024-01-27
post_0370,(주) 푸른,dong_004,배달,모집중,12300,2024-01-12
post_0371,(주) 마음발해은행,dong_009,배달,모집중,14010,2024-01-24
post_0372,(주) 유니온코어신문,dong_007,주방,모집중,11670,2024-01-18
post_0373,(주) 윈드신문,dong_010,서빙,모집중,10120,2024-01-17
post_0374,주식회사 윈드,dong_004,사무보조,모집중,9850,2024-01-18
post_0375,유한회사 아름,dong_009,편의점,모집중,13820,2024-01-22
post_0376,주식회사 백제소프트,dong_010,주방,모집중,9020,2024-01-06
post_0377,유한회사 라온,dong_013,편의점,모집중,13030,2024-01-04
post_0378,유한회사 보람모두네트웍스,dong_002,사무보조,모집중,9340,2024-01-13
post_0379,(주) 마루솔루션,dong_001,편의점,모집중,11480,2024-01-23
post_0380,유한회사 코리아나루개발공사,dong_020,배달,모집중,12010,2024-01-18
post_0381,유한회사 시너지전자,dong_007,서빙,모집중,11180,2024-01-24
post_0382,(주) 에코시스템즈,dong_003,매장관리,모집중,11400,2024-01-05
post_0383,주식회사 넥스트,dong_003,매장관리,모집중,10550,2024-01-09
post_0384,주식회사 우리신문,dong_016,사무보조,모집중,14210,2024-01-20
post_0385,(유) 첨단,dong_012,편의점,모집중,12430,2024-01-26
post_0386,(주) 윈드,dong_005,서빙,모집중,10290,2024-01-12
post_0387,(유) 윈드,dong_015,매장관리,모집중,12540,2024-01-14
post_0388,유한회사 국민코스메틱,dong_009,편의점,모집중,9030,2024-01-16
post_0389,유한회사 유니온그룹,dong_009,주방,모집중,9820,2024-01-20
post_0390,유한회사 비전정보통신,dong_002,편의점,모집중,9420,2024-01-07
post_0391,(주) 원더제조,dong_019,배달,모집중,12960,2024-01-05
post_0392,주식회사 고구려소프트,dong_017,편의점,모집중,9580,2024-01-09
post_0393,(유) 이노출판,dong_014,배달,모집중,13610,2024-01-15
post_0394,(유) 마음국민반도체,dong_006,서빙,모집중,13190,2024-01-15
post_0395,유한회사 중앙하나시스템,dong_015,배달,모집중,10830,2024-01-02
post_0396,(주) 에코,dong_016,주방,모집중,11580,2024-01-11
post_0397,주식회사 월드보람시스템즈,dong_015,사무보조,모집중,14340,2024-01-02
post_0398,(유) 가온가야에이아이,dong_002,주방,모집중,11920,2024-01-21
post_0399,주식회사 스타,dong_018,사무보조,모집중,13270,2024-01-20
post_0400,(주) 고려시너지보안,dong_009,서빙,모집중,14020,2024-01-24
post_0401,(주) 고려시너지보안,dong_004,주방,모집중,12790,2024-01-01
post_0402,(주) 나루,dong_017,주방,모집중,10880,2024-01-05
post_0403,주식회사 인포,dong_014,배달,모집중,14240,2024-01-19
post_0404,(주) 가온비전항공,dong_015,주방,모집중,10250,2024-01-24
post_0405,유한회사 라온,dong_020,배달,모집중,10710,2024-01-01
post_0406,(유) 중앙,dong_002,매장관리,모집중,10700,2024-01-28
post_0407,(주) 우리엔지니어링,dong_010,사무보조,모집중,10480,2024-01-05
post_0408,(유) 겨레보람뷰티,dong_014,배달,모집중,11970,2024-01-19
post_0409,(주) 윈드윈드솔루션,dong_008,편의점,모집중,14760,2024-01-25
post_0410,유한회사 한강센터,dong_005,편의점,모집중,11560,2024-01-22
post_0411,주식회사 원더네트워크,dong_003,사무보조,모집중,12890,2024-01-06
post_0412,(유) 백제정보통신,dong_002,편의점,모집중,12720,2024-01-17
post_0413,(주) 코어유니온코스메틱,dong_008,서빙,모집중,9570,2024-01-08
post_0414,유한회사 한가람제나네트웍스,dong_001,서빙,모집중,9420,2024-01-10
post_0415,(주) 다올,dong_009,사무보조,모집중,12490,2024-01-18
post_0416,유한회사 하나,dong_013,편의점,모집중,11060,2024-01-20
post_0417,(주) 라온나루테크,dong_014,매장관리,모집중,9830,2024-01-15
post_0418,(주) 한강,dong_013,매장관리,모집중,11240,2024-01-07
post_0419,유한회사 가온네트웍스,dong_014,배달,모집중,10110,2024-01-04
post_0420,유한회사 한강센터,dong_010,서빙,모집중,11620,2024-01-26
post_0421,주식회사 원더네트워크,dong_006,편의점,모집중,9270,2024-01-21
post_0422,(유) 백제,dong_012,주방,모집중,12080,2024-01-25
post_0423,(주) 글로벌시너지출판,dong_005,주방,모집중,14950,2024-01-04
post_0424,(유) 코어코리아자동차,dong_009,서빙,모집중,10760,2024-01-10
post_0425,주식회사 월드보람시스템즈,dong_005,사무보조,모집중,9470,2024-01-07
post_0426,유한회사 가온출판,dong_005,매장관리,모집중,12580,2024-01-28
post_0427,(주) 라온,dong_006,주방,모집중,10600,2024-01-22
post_0428,(유) 라온,dong_002,사무보조,모집중,12680,2024-01-18
post_0429,유한회사 제나,dong_012,편의점,모집중,11680,2024-01-07
post_0430,주식회사 윈드,dong_011,주방,모집중,12450,2024-01-11
post_0431,(주) 비전,dong_014,매장관리,모집중,13900,2024-01-10
post_0432,(주) 발해시너지코스메틱,dong_014,매장관리,모집중,11890,2024-01-07
post_0433,(유) 발해이노플랫폼,dong_011,배달,모집중,12960,2024-01-27
post_0434,(유) 미래에이아이,dong_014,주방,모집중,12980,2024-01-15
post_0435,(주) 중앙연구소,dong_019,매장관리,모집중,13460,2024-01-22
post_0436,유한회사 가온,dong_006,사무보조,모집중,12000,2024-01-11
post_0437,(유) 씨앤씨,dong_016,배달,모집중,9690,2024-01-03
post_0438,유한회사 모두바이오,dong_003,편의점,모집중,13250,2024-01-10
post_0439,(주) 나루,dong_003,사무보조,모집중,10530,2024-01-15
post_0440,유한회사 종합,dong_015,편의점,모집중,9410,2024-01-12
post_0441,(유) 비전,dong_019,배달,모집중,11150,2024-01-21
post_0442,유한회사 고구려,dong_001,편의점,모집중,11250,2024-01-11
post_0443,주식회사 월드보람시스템즈,dong_020,배달,모집중,10360,2024-01-29
post_0444,(주) 에코시스템즈,dong_003,사무보조,모집중,10370,2024-01-05
post_0445,유한회사 브레인코어솔루션,dong_003,주방,모집중,14990,2024-01-14
post_0446,(주) 마루코스메틱,dong_017,주방,모집중,13500,2024-01-23
post_0447,(유) 윈드,dong_018,편의점,모집중,9020,2024-01-16
post_0448,주식회사 한빛시너지에너지,dong_003,편의점,모집중,14130,2024-01-26
post_0449,유한회사 하나코리아그룹,dong_004,매장관리,모집중,11770,2024-01-11
post_0450,유한회사 보람가야전자,dong_020,편의점,모집중,9180,2024-01-04
post_0451,(주) 국민자동차,dong_006,매장관리,모집중,10040,2024-01-04
post_0452,(주) 한빛출판,dong_011,사무보조,모집중,11270,2024-01-29
post_0453,주식회사 한강에이아이,dong_019,사무보조,모집중,12830,2024-01-08
post_0454,(주) 라온나루테크,dong_007,매장관리,모집중,14380,2024-01-14
post_0455,(주) 겨레,dong_007,배달,모집중,13710,2024-01-15
post_0456,(주) 인포,dong_007,사무보조,모집중,12860,2024-01-08
post_0457,유한회사 가온가야항공,dong_018,배달,모집중,12730,2024-01-11
post_0458,(주) 한가람아름유통,dong_017,주방,모집중,9590,2024-01-16
post_0459,(주) 신라,dong_020,매장관리,모집중,9460,2024-01-10
post_0460,(주) 중앙,dong_005,편의점,모집중,10350,2024-01-24
post_0461,유한회사 중앙,dong_004,서빙,모집중,14270,2024-01-20
post_0462,(주) 백제정보통신,dong_010,사무보조,모집중,12850,2024-01-10
post_0463,(유) 이노제나유통,dong_013,사무보조,모집중,13040,2024-01-03
post_0464,(주) 한빛센터,dong_011,배달,모집중,13500,2024-01-26
post_0465,유한회사 코리아나루개발공사,dong_006,주방,모집중,11510,2024-01-05
post_0466,주식회사 신라한빛플랫폼,dong_018,편의점,모집중,10860,2024-01-17
post_0467,(주) 마음,dong_012,편의점,모집중,9790,2024-01-01
post_0468,(주) 하나,dong_006,배달,모집중,14090,2024-01-14
post_0469,유한회사 코어스타자동차,dong_007,배달,모집중,13360,2024-01-12
post_0470,(유) 하나마음기술,dong_017,서빙,모집중,14780,2024-01-04
post_0471,(주) 인포,dong_002,사무보조,모집중,11270,2024-01-07
post_0472,(주) 한빛출판,dong_008,사무보조,모집중,11730,2024-01-22
post_0473,(주) 에코마음은행,dong_008,사무보조,모집중,13610,2024-01-02
post_0474,(주) 다올,dong_010,서빙,모집중,12110,2024-01-22
post_0475,(주) 윈드,dong_014,서빙,모집중,11530,2024-01-26
post_0476,(주) 한강한가람랩스,dong_019,서빙,모집중,9520,2024-01-14
post_0477,(주) 하나,dong_010,매장관리,모집중,12660,2024-01-19
post_0478,(주) 고려,dong_008,주방,모집중,14140,2024-01-19
post_0479,유한회사 가온네트웍스,dong_017,매장관리,모집중,13590,2024-01-13
post_0480,주식회사 한강개발공사,dong_007,서빙,모집중,11500,2024-01-12
post_0481,(주) 하나,dong_003,주방,모집중,10800,2024-01-20
post_0482,주식회사 비전고려연구소,dong_015,매장관리,모집중,10230,2024-01-11
post_0483,주식회사 한빛시너지에너지,dong_010,주방,모집중,11800,2024-01-29
post_0484,(유) 하나마음기술,dong_010,서빙,모집중,13010,2024-01-08
post_0485,유한회사 국민나루연구소,dong_001,서빙,모집중,13260,2024-01-04
post_0486,유한회사 시너지신라항공,dong_011,사무보조,모집중,14700,2024-01-23
post_0487,(주) 가야네트워크,dong_005,주방,모집중,13840,2024-01-17
post_0488,유한회사 중앙플랫폼,dong_007,매장관리,모집중,11790,2024-01-14
post_0489,주식회사 스타그룹,dong_017,편의점,모집중,12880,2024-01-22
post_0490,(주) 비전,dong_011,서빙,모집중,14050,2024-01-14
post_0491,(유) 글로벌솔루션,dong_011,서빙,모집중,11240,2024-01-06
post_0492,(유) 코어코리아자동차,dong_010,서빙,모집중,14570,2024-01-04
post_0493,주식회사 다올한빛테크,dong_016,배달,모집중,11090,2024-01-25
post_0494,유한회사 에코코스메틱,dong_008,서빙,모집중,11460,2024-01-02
post_0495,유한회사 종합,dong_020,배달,모집중,14820,2024-01-07
post_0496,(주) 신라,dong_010,서빙,모집중,9890,2024-01-17
post_0497,주식회사 아름미래신문,dong_008,배달,모집중,12830,2024-01-24
post_0498,(주) 겨레시스템,dong_010,서빙,모집중,13930,2024-01-23
post_0499,(유) 가온인포네트워크,dong_011,주방,모집중,10080,2024-01-11
post_0500,(유) 한강겨레연구소,dong_019,주방,모집중,11440,2024-01-11
post_0501,(주) 인포뷰티,dong_019,매장관리,모집중,10570,2024-01-13
post_0502,유한회사 유니온,dong_005,편의점,모집중,11620,2024-01-20
post_0503,유한회사 라온,dong_020,주방,모집중,13510,2024-01-07
post_0504,(주) 조선,dong_009,주방,모집중,10580,2024-01-24
post_0505,유한회사 신라,dong_004,주방,모집중,10080,2024-01-20
post_0506,(주) 중앙정보통신,dong_010,서빙,모집중,11140,2024-01-27
post_0507,유한회사 중앙플랫폼,dong_017,주방,모집중,13550,2024-01-21
post_0508,유한회사 하나코리아그룹,dong_011,배달,모집중,10990,2024-01-05
post_0509,주식회사 브레인원더에너지,dong_020,배달,모집중,9900,2024-01-29
post_0510,주식회사 우리,dong_015,서빙,모집중,12890,2024-01-19
post_0511,(주) 글로벌고구려뷰티,dong_020,서빙,모집중,13620,2024-01-15
post_0512,(주) 나루반도체,dong_018,주방,모집중,10200,2024-01-16
post_0513,(유) 백제정보통신,dong_012,사무보조,모집중,11910,2024-01-15
post_0514,유한회사 글로벌바이오,dong_004,사무보조,모집중,10740,2024-01-15
post_0515,(유) 발해,dong_003,주방,모집중,12640,2024-01-04
post_0516,(유) 가야,dong_013,편의점,모집중,9000,2024-01-14
post_0517,주식회사 제나푸른시스템즈,dong_020,편의점,모집중,13960,2024-01-01
post_0518,(유) 원더그룹,dong_015,배달,모집중,9840,2024-01-04
post_0519,(유) 넥스트신라뷰티,dong_001,사무보조,모집중,13810,2024-01-02
post_0520,주식회사 코어,dong_008,서빙,모집중,9140,2024-01-06
post_0521,유한회사 라온보안,dong_019,매장관리,모집중,10940,2024-01-12
post_0522,(유) 조선,dong_018,매장관리,모집중,14220,2024-01-10
post_0523,유한회사 스타,dong_019,서빙,모집중,13510,2024-01-29
post_0524,(유) 국민,dong_008,편의점,모집중,12250,2024-01-27
post_0525,(주) 마루코스메틱,dong_006,배달,모집중,14020,2024-01-07
post_0526,주식회사 라온한가람기술,dong_020,편의점,모집중,12750,2024-01-03
post_0527,(주) 한빛센터,dong_002,사무보조,모집중,9000,2024-01-09
post_0528,(유) 코어,dong_014,편의점,모집중,12360,2024-01-16
post_0529,주식회사 우리개발,dong_003,편의점,모집중,10860,2024-01-18
post_0530,(주) 고구려,dong_006,매장관리,모집중,13900,2024-01-17
post_0531,유한회사 코리아에너지,dong_018,서빙,모집중,10220,2024-01-05
post_0532,주식회사 우리신문,dong_007,배달,모집중,9580,2024-01-29
post_0533,유한회사 한강그룹,dong_012,사무보조,모집중,12580,2024-01-05
post_0534,(유) 이노네오금고,dong_018,편의점,모집중,14400,2024-01-11
post_0535,유한회사 국민연구소,dong_011,주방,모집중,14350,2024-01-15
post_0536,(주) 첨단제조,dong_011,매장관리,모집중,11190,2024-01-23
post_0537,(주) 첨단제조,dong_006,서빙,모집중,13040,2024-01-09
post_0538,유한회사 겨레원더바이오,dong_011,사무보조,모집중,11490,2024-01-21
post_0539,(주) 글로벌테크,dong_005,편의점,모집중,9600,2024-01-27
post_0540,주식회사 넥스트,dong_008,주방,모집중,10820,2024-01-20
post_0541,(유) 푸른,dong_018,배달,모집중,14760,2024-01-09
post_0542,유한회사 월드,dong_017,사무보조,모집중,11260,2024-01-02
post_0543,(주) 라온나루테크,dong_019,주방,모집중,12100,2024-01-27
post_0544,(유) 가야,dong_001,서빙,모집중,13160,2024-01-09
post_0545,(유) 나루마음그룹,dong_010,주방,모집중,13050,2024-01-24
post_0546,주식회사 다올제조,dong_019,서빙,모집중,13650,2024-01-11
post_0547,(주) 신라,dong_002,배달,모집중,12520,2024-01-09
post_0548,(주) 코리아에이아이,dong_004,서빙,모집중,13740,2024-01-13
post_0549,주식회사 한강에이아이,dong_003,배달,모집중,13610,2024-01-08
post_0550,(주) 한빛출판,dong_002,서빙,모집중,13050,2024-01-22
post_0551,유한회사 에코코스메틱,dong_009,매장관리,모집중,11930,2024-01-06
post_0552,(유) 다올,dong_006,매장관리,모집중,10240,2024-01-18
post_0553,주식회사 보람,dong_006,배달,모집중,13530,2024-01-09
post_0554,주식회사 글로벌,dong_015,서빙,모집중,14280,2024-01-21
post_0555,유한회사 고려코스메틱,dong_008,매장관리,모집중,14430,2024-01-03
post_0556,유한회사 종합스타시스템,dong_015,사무보조,모집중,12440,2024-01-05
post_0557,유한회사 아름제나소프트,dong_003,배달,모집중,11210,2024-01-19
post_0558,유한회사 다올에너지,dong_006,서빙,모집중,13930,2024-01-20
post_0559,(주) 종합플랫폼,dong_006,편의점,모집중,11470,2024-01-10
post_0560,(유) 아름한가람보안,dong_004,주방,모집중,11580,2024-01-05
post_0561,주식회사 브레인반도체,dong_009,주방,모집중,11320,2024-01-08
post_0562,(주) 제나월드테크,dong_020,편의점,모집중,13920,2024-01-09
post_0563,(유) 코리아미래네트웍스,dong_008,매장관리,모집중,11740,2024-01-20
post_0564,(주) 시너지,dong_012,배달,모집중,11830,2024-01-14
post_0565,(유) 백제정보통신,dong_012,배달,모집중,14840,2024-01-25
post_0566,(주) 중앙,dong_006,편의점,모집중,9460,2024-01-20
post_0567,(주) 원더제조,dong_002,편의점,모집중,10450,2024-01-15
post_0568,유한회사 나루가온플랫폼,dong_007,배달,모집중,10560,2024-01-26
post_0569,주식회사 가람,dong_015,배달,모집중,13580,2024-01-13
post_0570,주식회사 백제소프트,dong_002,서빙,모집중,12160,2024-01-05
post_0571,유한회사 종합,dong_008,사무보조,모집중,10270,2024-01-11
post_0572,유한회사 신라엔지니어링,dong_016,서빙,모집중,12170,2024-01-11
post_0573,(유) 미래신라정보통신,dong_002,배달,모집중,9490,2024-01-20
post_0574,(주) 백제,dong_015,사무보조,모집중,10680,2024-01-18
post_0575,(주) 글로벌시너지출판,dong_003,매장관리,모집중,11450,2024-01-17
post_0576,(주) 글로벌브레인개발공사,dong_013,편의점,모집중,12220,2024-01-13
post_0577,(유) 겨레보람뷰티,dong_016,서빙,모집중,14950,2024-01-03
post_0578,(유) 한빛고구려솔루션,dong_006,서빙,모집중,9140,2024-01-03
post_0579,(유) 이노네오금고,dong_004,주방,모집중,12280,2024-01-06
post_0580,유한회사 백제,dong_001,배달,모집중,10160,2024-01-27
post_0581,(주) 미래고구려연구소,dong_009,사무보조,모집중,11340,2024-01-09
post_0582,유한회사 종합코리아기획,dong_006,주방,모집중,14260,2024-01-15
post_0583,(주) 에코시스템즈,dong_020,배달,모집중,14010,2024-01-22
post_0584,유한회사 다올에너지,dong_005,배달,모집중,10960,2024-01-28
post_0585,유한회사 국민나루연구소,dong_009,매장관리,모집중,12390,2024-01-04
post_0586,(유) 원더센터,dong_006,사무보조,모집중,9840,2024-01-12
post_0587,(유) 가온,dong_015,매장관리,모집중,12480,2024-01-22
post_0588,(유) 가온,dong_002,서빙,모집중,14720,2024-01-01
post_0589,(주) 제나,dong_010,서빙,모집중,10980,2024-01-28
post_0590,(유) 백제,dong_018,주방,모집중,14630,2024-01-29
post_0591,유한회사 신라,dong_010,서빙,모집중,9320,2024-01-25
post_0592,(유) 미래,dong_014,편의점,모집중,13710,2024-01-10
post_0593,유한회사 한강,dong_018,매장관리,모집중,11300,2024-01-22
post_0594,주식회사 아름미래신문,dong_012,사무보조,모집중,13140,2024-01-12
post_0595,(주) 한가람아름유통,dong_018,주방,모집중,11930,2024-01-05
post_0596,(유) 원더센터,dong_002,서빙,모집중,11030,2024-01-12
post_0597,(유) 백제에이아이,dong_004,서빙,모집중,11250,2024-01-24
post_0598,(주) 푸른원더에너지,dong_001,매장관리,모집중,12170,2024-01-01
post_0599,주식회사 아름연구소,dong_005,매장관리,모집중,10770,2024-01-21
post_0600,(주) 코어이노에너지,dong_002,배달,모집중,14000,2024-01-24
post_0601,주식회사 윈드에너지,dong_015,배달,모집중,10320,2024-01-13
post_0602,주식회사 한강,dong_011,주방,모집중,14820,2024-01-13
post_0603,주식회사 제나,dong_005,사무보조,모집중,11710,2024-01-14
post_0604,주식회사 스타,dong_010,배달,모집중,14110,2024-01-07
post_0605,주식회사 브레인반도체,dong_013,배달,모집중,9530,2024-01-25
post_0606,(유) 보람플랫폼,dong_013,서빙,모집중,11700,2024-01-08
post_0607,(주) 한빛출판,dong_004,서빙,모집중,13290,2024-01-28
post_0608,유한회사 가야,dong_001,매장관리,모집중,10780,2024-01-11
post_0609,유한회사 마음넥스트유통,dong_011,편의점,모집중,9650,2024-01-21
post_0610,유한회사 보람모두네트웍스,dong_011,편의점,모집중,13590,2024-01-20
post_0611,(주) 가온개발공사,dong_011,편의점,모집중,13340,2024-01-25
post_0612,유한회사 고구려인포테크,dong_019,배달,모집중,10410,2024-01-21
post_0613,(주) 마음에너지,dong_010,서빙,모집중,10630,2024-01-20
post_0614,(유) 코어,dong_001,매장관리,모집중,10980,2024-01-06
post_0615,(유) 비전네트워크,dong_013,주방,모집중,9250,2024-01-17
post_0616,유한회사 신라정보통신,dong_007,주방,모집중,12440,2024-01-14
post_0617,유한회사 발해플랫폼,dong_008,배달,모집중,9220,2024-01-28
post_0618,(유) 한강유통,dong_006,주방,모집중,12040,2024-01-29
post_0619,유한회사 브레인,dong_020,배달,모집중,13510,2024-01-02
post_0620,주식회사 미래엔지니어링,dong_017,사무보조,모집중,11550,2024-01-04
post_0621,주식회사 하나플랫폼,dong_012,사무보조,모집중,12710,2024-01-13
post_0622,(주) 글로벌,dong_017,사무보조,모집중,14700,2024-01-29
post_0623,유한회사 코리아,dong_010,편의점,모집중,12150,2024-01-19
post_0624,(주) 글로벌,dong_020,배달,모집중,11800,2024-01-14
post_0625,주식회사 가야시스템,dong_011,서빙,모집중,9550,2024-01-08
post_0626,(유) 모두,dong_006,서빙,모집중,13560,2024-01-27
post_0627,주식회사 고구려에코네트웍스,dong_011,편의점,모집중,11760,2024-01-21
post_0628,(유) 미래,dong_013,편의점,모집중,14520,2024-01-01
post_0629,(유) 인포,dong_004,편의점,모집중,14400,2024-01-02
post_0630,(주) 우리엔지니어링,dong_017,주방,모집중,10770,2024-01-21
post_0631,(유) 이노네오금고,dong_010,편의점,모집중,13380,2024-01-14
post_0632,(유) 백제백제뷰티,dong_007,배달,모집중,12910,2024-01-01
post_0633,(주) 에코,dong_010,매장관리,모집중,14020,2024-01-23
post_0634,(유) 이노네오금고,dong_009,사무보조,모집중,10780,2024-01-02
post_0635,주식회사 고구려에코네트웍스,dong_003,사무보조,모집중,13640,2024-01-28
post_0636,(유) 제나비전제조,dong_010,배달,모집중,11470,2024-01-19
post_0637,유한회사 가람항공,dong_016,주방,모집중,14010,2024-01-13
post_0638,(유) 글로벌솔루션,dong_017,매장관리,모집중,10460,2024-01-24
post_0639,(유) 코어연구소,dong_014,사무보조,모집중,10710,2024-01-13
post_0640,유한회사 스타,dong_012,주방,모집중,11660,2024-01-11
post_0641,(주) 중앙제조,dong_002,배달,모집중,14930,2024-01-08
post_0642,(주) 가온비전항공,dong_003,주방,모집중,12700,2024-01-19
post_0643,유한회사 아름,dong_007,서빙,모집중,9530,2024-01-05
post_0644,유한회사 비전보안,dong_006,배달,모집중,11280,2024-01-16
post_0645,주식회사 아름연구소,dong_009,주방,모집중,11280,2024-01-20
post_0646,(유) 조선정보통신,dong_018,서빙,모집중,11270,2024-01-07
post_0647,(유) 중앙엔지니어링,dong_016,배달,모집중,9000,2024-01-14
post_0648,유한회사 다올에너지,dong_008,매장관리,모집중,11820,2024-01-08
post_0649,유한회사 모두전자,dong_006,배달,모집중,14830,2024-01-22
post_0650,주식회사 네오정보통신,dong_015,편의점,모집중,13790,2024-01-25
post_0651,(유) 고려,dong_020,사무보조,모집중,11600,2024-01-02
post_0652,유한회사 국민연구소,dong_020,서빙,모집중,13300,2024-01-04
post_0653,주식회사 네오정보통신,dong_001,편의점,모집중,9500,2024-01-21
post_0654,(주) 백제정보통신,dong_001,매장관리,모집중,13240,2024-01-20
post_0655,유한회사 시너지그룹,dong_020,서빙,모집중,14750,2024-01-08
post_0656,(유) 백제,dong_008,사무보조,모집중,13400,2024-01-10
post_0657,주식회사 국민금고,dong_007,편의점,모집중,11130,2024-01-20
post_0658,(유) 글로벌브레인연구소,dong_010,편의점,모집중,11410,2024-01-22
post_0659,(주) 종합플랫폼,dong_008,사무보조,모집중,10570,2024-01-14
post_0660,(유) 코어,dong_002,편의점,모집중,9850,2024-01-22
post_0661,유한회사 백제에이아이,dong_019,주방,모집중,13390,2024-01-25
post_0662,(주) 고구려유통,dong_011,편의점,모집중,9940,2024-01-29
post_0663,유한회사 라온보안,dong_005,서빙,모집중,12110,2024-01-01
post_0664,유한회사 겨레원더바이오,dong_001,배달,모집중,12780,2024-01-27
post_0665,(유) 고려,dong_019,편의점,모집중,9680,2024-01-19
post_0666,유한회사 모두전자,dong_006,사무보조,모집중,9820,2024-01-14
post_0667,(유) 중앙,dong_010,편의점,모집중,13940,2024-01-04
post_0668,주식회사 스타,dong_004,매장관리,모집중,12800,2024-01-11
post_0669,유한회사 시너지신라항공,dong_008,사무보조,모집중,11970,2024-01-18
post_0670,(유) 마음국민반도체,dong_006,배달,모집중,14730,2024-01-15
post_0671,주식회사 제나기술,dong_002,주방,모집중,10360,2024-01-06
post_0672,유한회사 스타,dong_003,서빙,모집중,10300,2024-01-21
post_0673,(유) 월드개발공사,dong_006,배달,모집중,10650,2024-01-16
post_0674,(유) 가온,dong_007,사무보조,모집중,9610,2024-01-05
post_0675,주식회사 마루랩스,dong_001,사무보조,모집중,13200,2024-01-17
post_0676,(주) 코어이노에너지,dong_020,주방,모집중,10170,2024-01-05
post_0677,(유) 글로벌에너지,dong_018,편의점,모집중,12160,2024-01-13
post_0678,유한회사 비전보안,dong_014,배달,모집중,10180,2024-01-03
post_0679,유한회사 국민나루연구소,dong_011,매장관리,모집중,14130,2024-01-22
post_0680,주식회사 하나플랫폼,dong_001,매장관리,모집중,11200,2024-01-03
post_0681,유한회사 한빛,dong_016,사무보조,모집중,14490,2024-01-01
post_0682,(유) 윈드,dong_010,주방,모집중,9240,2024-01-17
post_0683,유한회사 중앙,dong_018,사무보조,모집중,9450,2024-01-12
post_0684,주식회사 이노,dong_012,편의점,모집중,12590,2024-01-04
post_0685,유한회사 조선신문,dong_008,사무보조,모집중,14920,2024-01-21
post_0686,(유) 모두바이오,dong_016,매장관리,모집중,9670,2024-01-28
post_0687,주식회사 브레인바이오,dong_011,주방,모집중,13860,2024-01-28
post_0688,(주) 라온모두랩스,dong_011,편의점,모집중,11350,2024-01-11
post_0689,(유) 중앙연구소,dong_015,배달,모집중,10420,2024-01-25
post_0690,주식회사 하나보안,dong_018,편의점,모집중,12500,2024-01-01
post_0691,유한회사 시너지전자,dong_015,서빙,모집중,14920,2024-01-17
post_0692,(주) 라온나루테크,dong_006,서빙,모집중,10330,2024-01-28
post_0693,(유) 가람연구소,dong_016,배달,모집중,9690,2024-01-16
post_0694,유한회사 글로벌그룹,dong_008,매장관리,모집중,11410,2024-01-20
post_0695,유한회사 모두,dong_017,사무보조,모집중,14340,2024-01-25
post_0696,(유) 코어,dong_011,주방,모집중,14640,2024-01-05
post_0697,(주) 에코마음은행,dong_011,사무보조,모집중,10720,2024-01-20
post_0698,(유) 글로벌에너지,dong_008,매장관리,모집중,9810,2024-01-22
post_0699,주식회사 스타,dong_008,배달,모집중,11540,2024-01-18
post_0700,(주) 한강다올연구소,dong_008,주방,모집중,10090,2024-01-21
post_0701,주식회사 글로벌,dong_010,편의점,모집중,13180,2024-01-11
post_0702,유한회사 한강그룹,dong_013,서빙,모집중,12450,2024-01-24
post_0703,(주) 신라,dong_008,편의점,모집중,13060,2024-01-16
post_0704,유한회사 가람윈드자동차,dong_004,편의점,모집중,13830,2024-01-03
post_0705,유한회사 시너지신라항공,dong_010,서빙,모집중,11460,2024-01-11
post_0706,(유) 비전네트워크,dong_001,사무보조,모집중,10420,2024-01-12
post_0707,유한회사 한빛,dong_013,사무보조,모집중,14890,2024-01-14
post_0708,(주) 유니온시스템,dong_012,주방,모집중,10300,2024-01-28
post_0709,(유) 보람씨앤씨그룹,dong_019,배달,모집중,10140,2024-01-24
post_0710,유한회사 가야네트워크,dong_006,매장관리,모집중,11790,2024-01-15
post_0711,주식회사 겨레미래에이아이,dong_018,주방,모집중,12720,2024-01-02
post_0712,유한회사 백제,dong_003,서빙,모집중,13830,2024-01-26
post_0713,(주) 마음에너지,dong_007,배달,모집중,11310,2024-01-15
post_0714,(유) 에코,dong_009,서빙,모집중,14620,2024-01-05
post_0715,주식회사 스타,dong_012,주방,모집중,13830,2024-01-20
post_0716,(주) 겨레,dong_002,서빙,모집중,13260,2024-01-06
post_0717,(유) 가야한강플랫폼,dong_012,배달,모집중,11980,2024-01-14
post_0718,(주) 비전,dong_012,매장관리,모집중,11570,2024-01-27
post_0719,(유) 가온가야에이아이,dong_018,사무보조,모집중,11890,2024-01-22
post_0720,유한회사 나루랩스,dong_001,사무보조,모집중,11700,2024-01-24
post_0721,(주) 라온모두랩스,dong_004,서빙,모집중,14610,2024-01-12
post_0722,유한회사 가온출판,dong_008,편의점,모집중,10980,2024-01-25
post_0723,유한회사 시너지전자,dong_012,사무보조,모집중,9410,2024-01-03
post_0724,(유) 원더그룹,dong_008,사무보조,모집중,11250,2024-01-06
post_0725,(주) 첨단,dong_019,서빙,모집중,10430,2024-01-11
post_0726,(유) 미래,dong_010,주방,모집중,11720,2024-01-11
post_0727,유한회사 국민연구소,dong_019,주방,모집중,11530,2024-01-10
post_0728,주식회사 원더센터,dong_003,주방,모집중,14180,2024-01-25
post_0729,유한회사 가람윈드자동차,dong_016,매장관리,모집중,9460,2024-01-14
post_0730,(유) 비전,dong_006,매장관리,모집중,11520,2024-01-01
post_0731,유한회사 시너지그룹,dong_001,주방,모집중,14940,2024-01-16
post_0732,주식회사 우리,dong_015,편의점,모집중,9360,2024-01-19
post_0733,(유) 모두,dong_017,매장관리,모집중,12200,2024-01-04
post_0734,(주) 인포뷰티,dong_016,주방,모집중,10920,2024-01-28
post_0735,(유) 넥스트신라뷰티,dong_001,사무보조,모집중,9630,2024-01-02
post_0736,주식회사 네오정보통신,dong_001,배달,모집중,9380,2024-01-17
post_0737,유한회사 한빛비전신문,dong_001,주방,모집중,9660,2024-01-08
post_0738,주식회사 코어,dong_002,매장관리,모집중,10340,2024-01-03
post_0739,주식회사 글로벌제조,dong_016,편의점,모집중,13780,2024-01-22
post_0740,(유) 중앙엔지니어링,dong_007,주방,모집중,10040,2024-01-29
post_0741,주식회사 다올한빛테크,dong_017,매장관리,모집중,11710,2024-01-17
post_0742,유한회사 코리아,dong_001,사무보조,모집중,14260,2024-01-17
post_0743,주식회사 우리신문,dong_008,주방,모집중,11330,2024-01-29
post_0744,(주) 푸른,dong_006,매장관리,모집중,12750,2024-01-04
post_0745,(유) 코어넥스트시스템,dong_003,주방,모집중,12050,2024-01-08
post_0746,(주) 보람한강상사,dong_020,사무보조,모집중,13630,2024-01-05
post_0747,(주) 라온씨앤씨항공,dong_010,매장관리,모집중,14610,2024-01-18
post_0748,유한회사 시너지신라항공,dong_004,매장관리,모집중,10210,2024-01-01
post_0749,(유) 스타개발,dong_016,사무보조,모집중,9080,2024-01-26
post_0750,(주) 가람고려유통,dong_017,주방,모집중,13620,2024-01-22
post_0751,유한회사 모두전자,dong_011,주방,모집중,10840,2024-01-08
post_0752,주식회사 원더센터,dong_004,배달,모집중,9550,2024-01-26
post_0753,유한회사 이노테크,dong_015,매장관리,모집중,12330,2024-01-04
post_0754,(주) 라온모두랩스,dong_016,사무보조,모집중,10880,2024-01-08
post_0755,(주) 글로벌글로벌신문,dong_010,사무보조,모집중,12380,2024-01-21
post_0756,주식회사 월드,dong_007,사무보조,모집중,14830,2024-01-25
post_0757,(주) 국민자동차,dong_017,사무보조,모집중,13440,2024-01-08
post_0758,(유) 가람우리항공,dong_011,배달,모집중,10700,2024-01-20
post_0759,(유) 제나그룹,dong_005,배달,모집중,13000,2024-01-10
post_0760,유한회사 코리아나루개발공사,dong_004,주방,모집중,12270,2024-01-15
post_0761,(주) 시너지,dong_019,배달,모집중,12970,2024-01-02
post_0762,(유) 코어넥스트시스템,dong_017,서빙,모집중,14880,2024-01-09
post_0763,(주) 중앙제조,dong_014,매장관리,모집중,13840,2024-01-20
post_0764,주식회사 시너지바이오,dong_004,사무보조,모집중,13740,2024-01-17
post_0765,(주) 네오원더전자,dong_008,편의점,모집중,11060,2024-01-10
post_0766,(유) 스타모두금고,dong_010,편의점,모집중,11530,2024-01-17
post_0767,(주) 모두,dong_005,서빙,모집중,12070,2024-01-21
post_0768,(주) 신라가온뷰티,dong_009,사무보조,모집중,10840,2024-01-21
post_0769,(주) 글로벌시너지출판,dong_012,배달,모집중,9820,2024-01-03
post_0770,주식회사 윈드,dong_006,배달,모집중,12290,2024-01-22
post_0771,(주) 중앙제조,dong_006,배달,모집중,9660,2024-01-14
post_0772,(주) 에코마음은행,dong_016,주방,모집중,13950,2024-01-03
post_0773,유한회사 발해,dong_011,서빙,모집중,13210,2024-01-29
post_0774,(유) 푸른,dong_018,주방,모집중,12580,2024-01-12
post_0775,(유) 글로벌에이아이,dong_014,매장관리,모집중,12080,2024-01-28
post_0776,유한회사 조선신문,dong_020,매장관리,모집중,10310,2024-01-12
post_0777,(유) 백제에이아이,dong_002,주방,모집중,9740,2024-01-11
post_0778,(유) 한강겨레연구소,dong_004,서빙,모집중,10010,2024-01-18
post_0779,(주) 모두제조,dong_011,사무보조,모집중,13250,2024-01-23
post_0780,유한회사 가온뷰티,dong_013,주방,모집중,9660,2024-01-18
post_0781,(주) 유니온시스템,dong_020,주방,모집중,13160,2024-01-04
post_0782,유한회사 나루브레인바이오,dong_008,주방,모집중,10610,2024-01-10
post_0783,주식회사 라온에이아이,dong_007,배달,모집중,9350,2024-01-15
post_0784,(유) 아름반도체,dong_014,서빙,모집중,13860,2024-01-07
post_0785,주식회사 가온,dong_020,배달,모집중,9670,2024-01-18
post_0786,유한회사 신라엔지니어링,dong_007,서빙,모집중,14550,2024-01-18
post_0787,주식회사 글로벌기술,dong_004,사무보조,모집중,14440,2024-01-07
post_0788,유한회사 가람윈드자동차,dong_006,편의점,모집중,13810,2024-01-18
post_0789,유한회사 나루조선에이아이,dong_009,사무보조,모집중,9350,2024-01-01
post_0790,(유) 가야한강플랫폼,dong_013,사무보조,모집중,9140,2024-01-07
post_0791,(유) 백제에이아이,dong_005,편의점,모집중,14040,2024-01-24
post_0792,주식회사 모두바이오,dong_003,매장관리,모집중,12460,2024-01-09
post_0793,유한회사 비전보안,dong_004,사무보조,모집중,13070,2024-01-25
post_0794,유한회사 발해플랫폼,dong_004,배달,모집중,9560,2024-01-27
post_0795,주식회사 제나푸른시스템즈,dong_014,사무보조,모집중,9940,2024-01-09
post_0796,(주) 겨레시스템,dong_018,서빙,모집중,11670,2024-01-03
post_0797,유한회사 중앙플랫폼,dong_016,사무보조,모집중,9890,2024-01-07
post_0798,유한회사 라온가온신문,dong_013,매장관리,모집중,14570,2024-01-24
post_0799,(유) 원더그룹,dong_010,배달,모집중,10130,2024-01-16
post_0800,유한회사 가온뷰티,dong_011,매장관리,모집중,9520,2024-01-19
post_0801,유한회사 중앙플랫폼,dong_009,사무보조,모집중,12690,2024-01-20
post_0802,(유) 모두,dong_002,배달,모집중,11720,2024-01-15
post_0803,유한회사 조선푸른제조,dong_004,매장관리,모집중,11090,2024-01-01
post_0804,(주) 국민네오테크,dong_009,사무보조,모집중,11960,2024-01-22
post_0805,(유) 첨단,dong_004,배달,모집중,13080,2024-01-28
post_0806,(유) 미래신라정보통신,dong_018,편의점,모집중,9160,2024-01-23
post_0807,유한회사 신라코어네트웍스,dong_016,주방,모집중,12010,2024-01-12
post_0808,(주) 한빛겨레항공,dong_016,배달,모집중,14870,2024-01-02
post_0809,유한회사 브레인,dong_009,배달,모집중,13350,2024-01-18
post_0810,(주) 모두,dong_020,매장관리,모집중,10140,2024-01-24
post_0811,(유) 제나비전제조,dong_017,주방,모집중,13490,2024-01-01
post_0812,유한회사 발해,dong_003,사무보조,모집중,13650,2024-01-10
post_0813,유한회사 가야,dong_018,사무보조,모집중,13030,2024-01-12
post_0814,유한회사 한빛비전신문,dong_010,매장관리,모집중,13600,2024-01-25
post_0815,(유) 이노,dong_010,주방,모집중,10290,2024-01-17
post_0816,유한회사 스타,dong_014,매장관리,모집중,12600,2024-01-20
post_0817,유한회사 고려코스메틱,dong_014,매장관리,모집중,15000,2024-01-29
post_0818,(주) 유니온네트웍스,dong_011,매장관리,모집중,10120,2024-01-07
post_0819,(주) 에코자동차,dong_020,서빙,모집중,10270,2024-01-11
post_0820,유한회사 제나신라은행,dong_010,배달,모집중,10260,2024-01-04
post_0821,주식회사 신라한빛플랫폼,dong_003,주방,모집중,12290,2024-01-15
post_0822,(주) 스타,dong_011,배달,모집중,13460,2024-01-28
post_0823,(유) 종합시스템즈,dong_007,서빙,모집중,10150,2024-01-10
post_0824,유한회사 발해플랫폼,dong_008,서빙,모집중,11140,2024-01-26
post_0825,(주) 마음에너지,dong_005,주방,모집중,11920,2024-01-27
post_0826,(주) 라온나루테크,dong_004,서빙,모집중,14420,2024-01-02
post_0827,유한회사 가온뷰티,dong_017,주방,모집중,12870,2024-01-20
post_0828,(주) 한강,dong_008,매장관리,모집중,13410,2024-01-18
post_0829,(주) 중앙연구소,dong_019,배달,모집중,10170,2024-01-23
post_0830,유한회사 브레인에너지,dong_015,서빙,모집중,11460,2024-01-21
post_0831,(주) 브레인기술,dong_002,편의점,모집중,10490,2024-01-11
post_0832,(주) 첨단,dong_019,편의점,모집중,11520,2024-01-19
post_0833,(유) 중앙,dong_017,주방,모집중,14510,2024-01-24
post_0834,유한회사 제나신라은행,dong_009,편의점,모집중,13190,2024-01-05
post_0835,유한회사 한강센터,dong_003,주방,모집중,9070,2024-01-21
post_0836,주식회사 네오,dong_004,편의점,모집중,14850,2024-01-23
post_0837,유한회사 한강,dong_018,주방,모집중,10940,2024-01-24
post_0838,유한회사 스타마루에이아이,dong_015,서빙,모집중,12260,2024-01-14
post_0839,(유) 스타개발,dong_018,사무보조,모집중,12830,2024-01-01
post_0840,유한회사 보람모두네트웍스,dong_007,편의점,모집중,10530,2024-01-24
post_0841,주식회사 넥스트,dong_014,주방,모집중,9420,2024-01-13
post_0842,유한회사 발해유니온테크,dong_014,편의점,모집중,9140,2024-01-05
post_0843,(주) 신라,dong_004,서빙,모집중,9150,2024-01-16
post_0844,(주) 모두제조,dong_020,사무보조,모집중,10640,2024-01-17
post_0845,(주) 우리엔지니어링,dong_020,매장관리,모집중,11720,2024-01-17
post_0846,유한회사 가람코스메틱,dong_007,매장관리,모집중,13470,2024-01-27
post_0847,주식회사 가온,dong_007,사무보조,모집중,10380,2024-01-03
post_0848,유한회사 씨앤씨,dong_016,배달,모집중,9030,2024-01-08
post_0849,(유) 씨앤씨,dong_010,배달,모집중,10580,2024-01-20
post_0850,유한회사 시너지전자,dong_015,서빙,모집중,10950,2024-01-25
post_0851,주식회사 브레인반도체,dong_003,서빙,모집중,10030,2024-01-14
post_0852,(유) 겨레보람뷰티,dong_013,주방,모집중,13910,2024-01-25
post_0853,유한회사 미래한빛플랫폼,dong_003,배달,모집중,11310,2024-01-28
post_0854,(주) 제나,dong_016,서빙,모집중,13360,2024-01-06
post_0855,(주) 에코자동차,dong_017,서빙,모집중,14380,2024-01-21
post_0856,유한회사 가람코스메틱,dong_010,사무보조,모집중,12560,2024-01-23
post_0857,(주) 고려시너지보안,dong_018,주방,모집중,13700,2024-01-17
post_0858,유한회사 원더,dong_010,사무보조,모집중,14050,2024-01-07
post_0859,유한회사 발해유니온테크,dong_003,서빙,모집중,12110,2024-01-09
post_0860,주식회사 네오,dong_006,주방,모집중,14030,2024-01-19
post_0861,유한회사 종합스타시스템,dong_013,편의점,모집중,14530,2024-01-29
post_0862,유한회사 원더마루개발,dong_020,서빙,모집중,9070,2024-01-06
post_0863,(주) 코리아,dong_002,사무보조,모집중,9970,2024-01-02
post_0864,(주) 아름보안,dong_011,배달,모집중,14550,2024-01-24
post_0865,(주) 아름보안,dong_007,주방,모집중,13680,2024-01-01
post_0866,주식회사 글로벌원더그룹,dong_008,사무보조,모집중,14950,2024-01-25
post_0867,(유) 마음국민반도체,dong_019,서빙,모집중,10810,2024-01-26
post_0868,(주) 겨레,dong_005,매장관리,모집중,10680,2024-01-21
post_0869,(주) 마음플랫폼,dong_016,주방,모집중,14060,2024-01-27
post_0870,주식회사 한가람미래신문,dong_008,주방,모집중,11340,2024-01-12
post_0871,주식회사 하나플랫폼,dong_019,서빙,모집중,14460,2024-01-05
post_0872,(주) 코리아,dong_003,서빙,모집중,10850,2024-01-24
post_0873,유한회사 한빛기술,dong_015,배달,모집중,12500,2024-01-01
post_0874,(유) 중앙,dong_018,매장관리,모집중,12120,2024-01-12
post_0875,(주) 다올,dong_002,편의점,모집중,14730,2024-01-05
post_0876,(주) 국민자동차,dong_003,매장관리,모집중,10380,2024-01-03
post_0877,(유) 인포,dong_020,배달,모집중,14290,2024-01-14
post_0878,(주) 인포,dong_002,사무보조,모집중,11730,2024-01-13
post_0879,(주) 중앙연구소,dong_016,사무보조,모집중,14980,2024-01-01
post_0880,주식회사 시너지연구소,dong_016,주방,모집중,14840,2024-01-16
post_0881,주식회사 월드,dong_007,사무보조,모집중,12100,2024-01-19
post_0882,유한회사 가람윈드자동차,dong_020,배달,모집중,14020,2024-01-17
post_0883,주식회사 신라한빛플랫폼,dong_005,사무보조,모집중,13530,2024-01-06
post_0884,(유) 하나테크,dong_011,매장관리,모집중,10880,2024-01-13
post_0885,(주) 하나,dong_005,사무보조,모집중,9640,2024-01-18
post_0886,주식회사 이노제조,dong_010,배달,모집중,10280,2024-01-06
post_0887,유한회사 글로벌소프트,dong_016,사무보조,모집중,11620,2024-01-15
post_0888,(주) 씨앤씨코어상사,dong_014,사무보조,모집중,13530,2024-01-15
post_0889,주식회사 고구려월드에너지,dong_019,매장관리,모집중,10130,2024-01-15
post_0890,(유) 모두,dong_015,사무보조,모집중,11200,2024-01-23
post_0891,유한회사 중앙마루센터,dong_002,서빙,모집중,9360,2024-01-05
post_0892,(주) 발해넥스트시스템,dong_016,주방,모집중,10990,2024-01-27
post_0893,(주) 마음발해은행,dong_006,사무보조,모집중,12510,2024-01-13
post_0894,(주) 유니온시스템,dong_013,사무보조,모집중,9630,2024-01-28
post_0895,(유) 비전네트워크,dong_003,배달,모집중,13350,2024-01-19
post_0896,유한회사 하나코리아그룹,dong_010,사무보조,모집중,9640,2024-01-24
post_0897,주식회사 제나,dong_002,사무보조,모집중,13180,2024-01-16
post_0898,(주) 하나,dong_003,서빙,모집중,11690,2024-01-11
post_0899,(주) 중앙정보통신,dong_003,사무보조,모집중,10120,2024-01-07
post_0900,유한회사 종합,dong_006,주방,모집중,13490,2024-01-20
post_0901,유한회사 국민코스메틱,dong_015,서빙,모집중,11280,2024-01-06
post_0902,유한회사 마음넥스트유통,dong_005,배달,모집중,14410,2024-01-21
post_0903,유한회사 나루랩스,dong_009,주방,모집중,10250,2024-01-19
post_0904,유한회사 원더,dong_007,배달,모집중,13000,2024-01-14
post_0905,유한회사 첨단시너지소프트,dong_008,배달,모집중,12530,2024-01-13
post_0906,유한회사 한강,dong_013,편의점,모집중,14900,2024-01-01
post_0907,유한회사 하나뷰티,dong_001,주방,모집중,14570,2024-01-27
post_0908,유한회사 스타마루에이아이,dong_009,배달,모집중,9960,2024-01-05
post_0909,(유) 가온플랫폼,dong_008,매장관리,모집중,10700,2024-01-14
post_0910,유한회사 가람항공,dong_013,사무보조,모집중,14030,2024-01-01
post_0911,유한회사 가람월드항공,dong_010,배달,모집중,13740,2024-01-07
post_0912,유한회사 가람푸른반도체,dong_010,주방,모집중,14630,2024-01-29
post_0913,(유) 스타개발,dong_010,서빙,모집중,11170,2024-01-14
post_0914,유한회사 가온뷰티,dong_004,매장관리,모집중,9630,2024-01-02
post_0915,주식회사 윈드,dong_001,편의점,모집중,12710,2024-01-24
post_0916,(주) 인포,dong_013,사무보조,모집중,12090,2024-01-04
post_0917,(유) 아름한가람보안,dong_013,서빙,모집중,14450,2024-01-08
post_0918,(유) 신라자동차,dong_001,편의점,모집중,12570,2024-01-26
post_0919,(주) 아름보안,dong_008,서빙,모집중,12700,2024-01-19
post_0920,(유) 조선,dong_012,배달,모집중,13210,2024-01-04
post_0921,주식회사 고구려겨레플랫폼,dong_014,사무보조,모집중,9190,2024-01-19
post_0922,(유) 푸른,dong_010,사무보조,모집중,12990,2024-01-23
post_0923,유한회사 라온가온신문,dong_001,배달,모집중,13140,2024-01-16
post_0924,(유) 마음국민반도체,dong_009,서빙,모집중,11580,2024-01-24
post_0925,(유) 가야한강플랫폼,dong_014,주방,모집중,12390,2024-01-27
post_0926,유한회사 라온,dong_007,주방,모집중,14010,2024-01-11
post_0927,(유) 글로벌브레인연구소,dong_007,서빙,모집중,13520,2024-01-10
post_0928,유한회사 가온,dong_004,매장관리,모집중,12480,2024-01-13
post_0929,(주) 에코시스템즈,dong_015,편의점,모집중,14610,2024-01-23
post_0930,유한회사 모두전자,dong_004,사무보조,모집중,9880,2024-01-16
post_0931,유한회사 가온뷰티,dong_006,배달,모집중,14310,2024-01-11
post_0932,(주) 코어종합랩스,dong_013,주방,모집중,14880,2024-01-11
post_0933,유한회사 조선뷰티,dong_013,사무보조,모집중,12490,2024-01-02
post_0934,(주) 겨레시스템,dong_005,주방,모집중,9670,2024-01-23
post_0935,(유) 이노제나유통,dong_007,서빙,모집중,10320,2024-01-10
post_0936,주식회사 글로벌원더그룹,dong_016,배달,모집중,9430,2024-01-19
post_0937,(주) 넥스트한빛그룹,dong_005,매장관리,모집중,10610,2024-01-04
post_0938,(주) 백제정보통신,dong_005,사무보조,모집중,11810,2024-01-05
post_0939,유한회사 국민코스메틱,dong_010,사무보조,모집중,10420,2024-01-13
post_0940,유한회사 고구려,dong_003,편의점,모집중,11240,2024-01-18
post_0941,유한회사 이노테크,dong_014,매장관리,모집중,12030,2024-01-14
post_0942,유한회사 겨레이노솔루션,dong_012,주방,모집중,13700,2024-01-15
post_0943,(주) 글로벌,dong_017,매장관리,모집중,11670,2024-01-09
post_0944,주식회사 신라한빛플랫폼,dong_015,주방,모집중,14560,2024-01-03
post_0945,주식회사 겨레테크,dong_005,서빙,모집중,14210,2024-01-14
post_0946,유한회사 제나,dong_012,배달,모집중,11640,2024-01-05
post_0947,주식회사 글로벌기술,dong_015,주방,모집중,13590,2024-01-08
post_0948,유한회사 발해유니온테크,dong_014,서빙,모집중,11750,2024-01-22
post_0949,유한회사 국민인포유통,dong_010,주방,모집중,14530,2024-01-13
post_0950,(유) 라온,dong_008,매장관리,모집중,14200,2024-01-26
post_0951,유한회사 스타,dong_018,배달,모집중,14100,2024-01-19
post_0952,(주) 종합플랫폼,dong_020,서빙,모집중,13280,2024-01-14
post_0953,주식회사 나루,dong_008,배달,모집중,14450,2024-01-13
post_0954,주식회사 겨레,dong_010,편의점,모집중,10390,2024-01-23
post_0955,(주) 에코마음은행,dong_008,배달,모집중,11060,2024-01-02
post_0956,(유) 종합시스템즈,dong_009,매장관리,모집중,10210,2024-01-16
post_0957,(유) 미래가람에너지,dong_017,배달,모집중,10510,2024-01-12
post_0958,(유) 다올,dong_006,배달,모집중,10770,2024-01-10
post_0959,유한회사 제나,dong_008,사무보조,모집중,11780,2024-01-29
post_0960,(주) 넥스트발해그룹,dong_017,매장관리,모집중,14480,2024-01-28
post_0961,(유) 모두바이오,dong_019,서빙,모집중,12630,2024-01-05
post_0962,(유) 라온,dong_013,매장관리,모집중,11780,2024-01-01
post_0963,유한회사 스타,dong_007,배달,모집중,9040,2024-01-07
post_0964,(주) 제나월드테크,dong_012,편의점,모집중,13820,2024-01-08
post_0965,유한회사 하나,dong_019,매장관리,모집중,12160,2024-01-24
post_0966,유한회사 백제에이아이,dong_007,배달,모집중,9240,2024-01-29
post_0967,주식회사 아름연구소,dong_009,사무보조,모집중,11960,2024-01-14
post_0968,(주) 윈드,dong_015,매장관리,모집중,12420,2024-01-05
post_0969,(주) 우리엔지니어링,dong_020,주방,모집중,12350,2024-01-02
post_0970,(주) 신라가온뷰티,dong_010,주방,모집중,13920,2024-01-28
post_0971,(유) 고려,dong_001,매장관리,모집중,11000,2024-01-19
post_0972,(주) 하나,dong_003,사무보조,모집중,12640,2024-01-09
post_0973,(주) 첨단,dong_003,매장관리,모집중,9520,2024-01-05
post_0974,(주) 다올,dong_015,매장관리,모집중,11010,2024-01-09
post_0975,유한회사 나루브레인바이오,dong_007,사무보조,모집중,11960,2024-01-29
post_0976,유한회사 종합,dong_005,매장관리,모집중,11390,2024-01-08
post_0977,(유) 코어브레인플랫폼,dong_007,매장관리,모집중,12290,2024-01-14
post_0978,(유) 신라그룹,dong_001,서빙,모집중,12680,2024-01-01
post_0979,주식회사 겨레미래에이아이,dong_004,편의점,모집중,14800,2024-01-18
post_0980,(유) 하나테크,dong_003,배달,모집중,14750,2024-01-10
post_0981,주식회사 고구려에코네트웍스,dong_006,서빙,모집중,12700,2024-01-25
post_0982,(주) 한빛센터,dong_001,사무보조,모집중,9750,2024-01-27
post_0983,유한회사 한빛기술,dong_019,편의점,모집중,12980,2024-01-28
post_0984,(주) 모두,dong_011,매장관리,모집중,14240,2024-01-21
post_0985,(주) 다올종합보안,dong_005,배달,모집중,9930,2024-01-28
post_0986,유한회사 가람코스메틱,dong_004,사무보조,모집중,14710,2024-01-06
post_0987,주식회사 미래엔지니어링,dong_008,배달,모집중,14320,2024-01-16
post_0988,유한회사 가온뷰티,dong_020,사무보조,모집중,11600,2024-01-26
post_0989,(주) 종합,dong_007,사무보조,모집중,11080,2024-01-14
post_0990,(유) 신라아름연구소,dong_004,서빙,모집중,10890,2024-01-19
post_0991,주식회사 미래제나상사,dong_006,사무보조,모집중,9200,2024-01-09
post_0992,주식회사 우리신문,dong_001,주방,모집중,9990,2024-01-20
post_0993,(유) 가야,dong_017,편의점,모집중,13800,2024-01-19
post_0994,(유) 백제,dong_007,매장관리,모집중,10530,2024-01-21
post_0995,유한회사 중앙,dong_008,매장관리,모집중,11690,2024-01-07
post_0996,유한회사 다올상사,dong_018,주방,모집중,9610,2024-01-17
post_0997,(주) 하나,dong_008,배달,모집중,14590,2024-01-26
post_0998,(유) 중앙엔지니어링,dong_013,배달,모집중,9660,2024-01-12
post_0999,(유) 중앙,dong_019,편의점,모집중,12640,2024-01-01
